MOGUNOA 桌面 AI 服务员正在寻找东京餐厅试点伙伴。探索对话推荐、菜单问答与确认点单的体验，联系 Candsystem 咨询试点合作。	MOGUNOA は、会話でメニュー選びや注文をお手伝いする卓上 AI パートナー。東京の飲食店向け実証に関心のある店舗を募集しています。お問い合わせは Candsystem まで。	MOGUNOA is a tabletop AI dining companion exploring conversational menu recommendations and ordering. We are looking for restaurant pilot partners in Tokyo. Contact Candsystem to learn more.
MOGUNOA — 让点餐，从一句话开始。	MOGUNOA — 注文は、ひとことから。	MOGUNOA — A great meal starts with a conversation.
跳到主要内容	本文へスキップ	Skip to content
MOGUNOA 首页	MOGUNOA ホーム	MOGUNOA home
桌面 AI 服务员	卓上 AI パートナー	Your AI table companion
主导航	メインナビゲーション	Main navigation
产品体验	体験を見る	The experience
如何参与	参加の流れ	How to take part
咨询试点合作	実証について相談する	Explore a pilot
一个放在餐桌上的 AI 小伙伴，帮客人聊菜单、选菜品。	料理選びを、会話でお手伝いする卓上 AI パートナー。	A little AI companion at the table, ready to help guests explore the menu.
我们正在寻找愿意一起探索的餐厅，筹备首批试点。	最初の実証に向け、一緒に試してくださる飲食店を探しています。	We are preparing our first pilots and looking for restaurants to join us.
体验产品构想	コンセプトを体験	Explore the concept
东京餐厅试点筹备中	東京での実証を準備中	Preparing Tokyo pilots
日语体验优先	まずは日本語から	Japanese first
欢迎店主交流	店舗オーナー様のご相談歓迎	Restaurant owners welcome
概念效果图：一台有橙色眼睛的奶白色小机器人，坐在餐厅木桌上。	コンセプトイメージ：オレンジ色の目をした、小さなクリーム色のロボットが飲食店の木製テーブルに置かれています。	Concept image: a small cream-colored robot with orange eyes sitting on a wooden restaurant table.
产品外观探索 · 概念效果图	外観の検討用コンセプトイメージ	Design exploration · Concept image
今晚想吃点什么？	今日は何を食べましょうか？	What sounds good tonight?
用餐建议，交给你的桌边伙伴。	お食事の相談、おまかせください。	A little help finding your next favorite.
产品目标功能	目指すサービス体験	Planned dining experience
聊聊想吃什么	食べたいものを相談	Tell us what you like
推荐合适的菜	おすすめを提案	Find your favorites
确认后点单	確認して注文	Confirm your order
再加一份喜欢	追加注文も気軽に	Ask for another round
好好吃饭。	食事を、もっと楽しく。	Enjoy your meal.
点餐的事，聊着来。	注文は、会話から。	Let’s talk about the order.
告诉它人数、预算和口味。	人数、予算、お好みを伝えるだけ。	Share your party size, budget and preferences.
从“吃点什么”，到“就这些吧”。	「何にしよう」から「これにしよう」へ。	From “What shall we have?” to “That sounds good.”
交互情景演示	体験デモ	Interactive concept demo
两个人的晚餐，	ふたりの夕食は、	Dinner for two,
从一个小心愿开始。	こんなひとことから。	starting with a simple wish.
无需翻找菜单，先说出你的想法。	まずは、食べたいものを話してみる。	Start with what you’re in the mood for.
推荐之后，选择权始终在你手里。	おすすめを見て、最後は自分で選べます。	See a suggestion. The choice is always yours.
选择演示情景	デモのシーンを選択	Choose a demo scenario
帮我推荐一桌	おすすめを教えて	Help us choose
再来一份喜欢的	もう一皿お願い	Another round, please
请店员来一下	店員さんを呼んで	Ask for a staff member
预设对话，用于展示产品体验。	あらかじめ用意した会話による体験デモです。	Scripted conversations illustrating the concept.
菜品与价格为示例，不会产生真实订单。	料理と価格は例示です。実際の注文は行いません。	Dishes and prices are examples. No real orders are placed.
MOGUNOA · 你的桌边伙伴	MOGUNOA · あなたの食卓のパートナー	MOGUNOA · Your table companion
TABLE 08 · 情景演示	TABLE 08 · 体験デモ	TABLE 08 · Concept demo
重新开始当前演示	このデモを最初から再生	Restart this demo
重播 ↺	もう一度 ↺	Replay ↺
未来，只需轻轻开口。	目指すのは、ひとことでつながる体験。	A future that starts with a simple request.
从“自己选菜”，	ひとりで迷う時間を、	From browsing alone
到“有人帮你选”。	相談できる時間に。	to a little help choosing.
从店里的真实需求出发，	お店のリアルな課題から、	Start with your restaurant’s needs.
一起看看哪些服务可以更轻松。	もっと楽になる接客を一緒に考えます。	Explore where service could feel easier.
帮助客人做决定	料理選びをお手伝い	Help guests decide
围绕人数、预算与口味推荐菜品，让客人的需求转化为可以确认的点餐清单。	人数、予算、お好みに合わせて料理を提案。お客様の希望を、確認できる注文候補にまとめます。	Suggest dishes around party size, budget and taste, turning preferences into a list guests can review.
验证：对话到订单的转化	検証すること：会話から注文へのつながり	To explore: conversations that lead to orders
分担重复的解释	繰り返すご案内をサポート	Help explain the menu
解释菜品与用餐问题。以日语为起点，逐步验证多语言服务对外国客人的帮助。	料理や食事に関する質問に対応。まずは日本語から始め、海外のお客様への多言語対応も段階的に検証します。	Answer menu and dining questions. Start with Japanese, then explore multilingual support for international guests.
验证：店员介入与问答负担	検証すること：店員への引き継ぎと案内の負担	To explore: staff handoffs and repeated questions
接住自然的追加	追加のひとことにも対応	Make another round easy
理解“再来一份”与“刚才那个”，在本桌用餐情境中衔接推荐、确认和追加点单。	「もう一皿」「さっきの料理」といった言葉を、そのテーブルの食事の流れに沿って確認し、追加注文につなげます。	Use the table’s dining context to connect “one more” or “the same again” with a suggestion and confirmation.
验证：追加体验与客单变化	検証すること：追加注文の体験と注文金額	To explore: reordering and order value
多一位桌边伙伴。	テーブルに、もうひとりの味方を。	A little company at the table.
让服务多一点从容。	接客に、少しのゆとりを。	A little more room for hospitality.
我们希望让客人自然地说出需求，让店员把更多时间留给需要亲自照顾的服务。机器人不移动、不送餐，专注餐桌上的交流。	お客様が気軽に希望を伝え、店員は人の手が必要な接客に時間を使えるように。ロボットは移動や配膳をせず、テーブルでの会話に集中します。	We want guests to share what they need naturally, giving staff more time for personal service. The robot stays on the table and focuses on conversation; it does not move or deliver food.
依据餐厅菜单推荐	お店のメニューに沿って提案	Recommendations from your menu
确认内容后下单	内容を確認してから注文	Confirm before ordering
需要时交给店员	必要なときは店員へ	Hand over to staff when needed
目标体验：客人表达需求，MOGUNOA 推荐菜品，客人确认，需要时联系店员	目指す体験：希望を伝え、MOGUNOA が料理を提案。お客様が確認し、必要に応じて店員につなぎます。	Planned experience: guests share their needs, MOGUNOA suggests dishes, guests confirm, and staff help when needed.
人数与预算	人数と予算	Party size and budget
口味与偏好	好みやリクエスト	Tastes and preferences
聊菜单 · 帮忙选 · 再确认	相談する · 選ぶ · 確認する	Explore · Choose · Confirm
菜品推荐	料理のおすすめ	Recommendations
确认点单	注文の確認	Order confirmation
联系店员	店員への取り次ぎ	Staff assistance
目标服务体验 · 将通过原型与试点逐步验证	目指す体験 · 試作と実証で段階的に検証	Planned experience · To be tested through prototypes and pilots
从你店里的一个问题，	お店のひとつの課題から、	Start with a challenge
开始一次合作。	一緒に始めませんか。	in your restaurant.
不必先决定导入。	導入を決める必要はありません。	No need to commit to an installation.
欢迎先告诉我们，你希望改善什么。	まずは、改善したいことをお聞かせください。	Tell us what you would like to improve.
01 / 先聊需求	01 / まずはご相談	01 / START A CONVERSATION
说说店里的日常	お店の日常を教えてください	Tell us about your day
客人选菜犹豫、菜单解释重复，还是追加点单容易错过？我们希望先理解你和店员遇到的问题。	料理選びに迷うお客様、繰り返すメニュー説明、気づきにくい追加注文。まずは、あなたと店員の皆さんが感じる課題を知りたいと考えています。	Indecisive guests, repeated menu questions, or missed requests for another round? We want to understand the challenges you and your staff face.
先交流，再判断是否适合	まず話して、相性を確かめる	Talk first. Find out if it fits.
02 / 商量试点	02 / 実証を相談	02 / PLAN A SMALL PILOT
从少量餐桌开始	少数のテーブルから	Start with a few tables
原型准备好后，一起确认体验场景、菜单内容和店员配合方式。首批计划开展免费试点，具体安排另行协商。	試作機の準備ができたら、利用シーン、メニュー、店員との連携方法を一緒に確認します。初期の実証は無料での実施を計画しており、詳細は個別に相談します。	Once the prototype is ready, we’ll agree on the setting, menu and staff involvement. We plan to offer initial pilots free of charge, with details discussed together.
当前接受意向咨询	現在、ご関心のある店舗からの相談を受付中	Now welcoming expressions of interest
03 / 一起改进	03 / 一緒に改善	03 / LEARN TOGETHER
让真实反馈决定下一步	現場の声を、次の改善へ	Let real feedback guide us
客人愿不愿意说、推荐是否合适、有没有帮到店员？你的反馈会帮助我们决定产品如何改进。	お客様は話しかけてくれるか、おすすめは合っているか、店員の助けになるか。皆さんの声を、製品の改善につなげます。	Do guests want to talk? Are the suggestions useful? Does it help the team? Your feedback will guide what we improve next.
不预先承诺销售或效率提升	売上や効率への効果は実証で確認	Sales and service impact are still to be tested
当前：概念与原型筹备	現在：構想・試作の準備段階	Current stage: concept and prototype preparation
第一批伙伴，	最初のパートナーは、	Our first partners
从愿意聊聊开始。	「ちょっと話してみたい」から。	start with a conversation.
从东京 10～40 座的独立餐厅切入，优先探索居酒屋、烧鸟、和食等需要解释菜单与推荐菜品的场景。	まずは東京の 10〜40 席ほどの個店から。居酒屋、焼き鳥、和食など、料理の説明やおすすめが役立つお店を想定しています。	We plan to start with independent restaurants in Tokyo with around 10–40 seats, including izakaya, yakitori and Japanese dining venues where menu guidance matters.
了解试点安排	実証の進め方を見る	See the pilot plan
台	台	unit
下一步：完成可运行 Demo	次の目標：動作するデモを完成	Next goal: a working demo
家	店舗	sites
计划开展免费试点的餐厅数	無料の初期実証を予定する店舗数	Restaurants planned for initial free pilots
以上为计划目标，不代表已交付设备或已签约门店。	上記は計画上の目標です。機器の納入や店舗との契約実績を示すものではありません。	These are planned targets, not delivered units or signed restaurant partners.
01 / 准备体验	01 / 体験を準備	01 / PREPARE THE EXPERIENCE
先完成可运行的 Demo，再与意向餐厅讨论菜单准备、适合的餐桌及店员接手方式。	動作するデモを完成させたうえで、参加を検討するお店とメニュー準備、設置するテーブル、店員への引き継ぎ方法を相談します。	Build a working demo, then discuss menu preparation, suitable tables and staff handoffs with interested restaurants.
02 / 小范围体验	02 / 小さく試す	02 / TRY IT ON A SMALL SCALE
观察客人是否愿意开口、多少交流完成点单、哪些环节需要店员接手。	お客様が話しかけるか、会話が注文につながるか、どこで店員の助けが必要かを観察します。	Observe whether guests engage, which conversations lead to orders, and where staff need to step in.
03 / 一起反馈	03 / 声を集めて改善	03 / SHARE WHAT WE LEARN
听取店主、店员与客人的反馈，改进推荐与点餐体验，再一起讨论是否继续使用。	オーナー、店員、お客様の声を聞き、提案や注文の体験を改善。その後、継続利用について一緒に検討します。	Listen to owners, staff and guests, improve the recommendation and ordering experience, then discuss whether to continue.
现在可以看到什么？	現在、ご覧いただけるもの	What can you see today?
当前可展示产品概念网站和预设交互情景，尚未提供可直接部署的成品。真实语音点餐与餐厅试点仍在筹备；试点时间、支持范围及具体条件将在沟通后确认。	現在はコンセプトサイトと、あらかじめ用意した体験デモをご覧いただけます。すぐに導入できる完成品はまだありません。音声注文と店舗実証は準備段階で、時期・支援範囲・条件は相談のうえ決定します。	Today we offer a concept website and scripted demos, not a ready-to-install product. Live voice ordering and restaurant pilots are still in preparation; timing, support and terms will be agreed through discussion.
想让 MOGUNOA，	あなたのお店のテーブルにも、	Could MOGUNOA
来到你的餐桌吗？	MOGUNOA を。	join your table?
如果你也想探索一种更自然的点餐方式，欢迎联系我们。先聊聊你的餐厅和想改善的服务，我们一起看看是否适合开展试点。	もっと自然な注文のかたちに関心がありましたら、ぜひご連絡ください。お店のことや改善したい接客についてお話を伺い、実証が合うかどうか一緒に考えます。	If you’re curious about a more natural way to order, we’d love to hear from you. Tell us about your restaurant and the service you want to improve, and we’ll explore whether a pilot is a good fit.
下载试点简介	実証の概要をダウンロード	Download the pilot brief
来信时，可以简单告诉我们	お問い合わせには、こんなことを	A few things to include in your email
你的餐厅在哪里？	お店はどちらですか？	Where is your restaurant?
店名、所在区域与料理类型即可。	店名、エリア、料理のジャンルを教えてください。	The restaurant name, neighborhood and type of cuisine.
店里大概是什么规模？	どのくらいのお店ですか？	What is your restaurant like?
大致座位数，以及目前如何点餐。	おおよその席数と、現在の注文方法を教えてください。	Approximate seating capacity and how guests order today.
最想改善哪件事？	いちばん改善したいことは？	What would you like to improve?
菜单解释、选菜推荐、追加点单，或其他服务问题。	メニュー説明、おすすめ、追加注文など、接客のお困りごとをお聞かせください。	Menu explanations, recommendations, reorders or another service challenge.
让每张餐桌，都拥有一个 AI 服务员。	すべてのテーブルに、AI パートナーを。	An AI dining companion for every table.
回到顶部 ↑	ページの先頭へ ↑	Back to top ↑
Candsystem · MOGUNOA 桌面 AI 服务员 ·	Candsystem · MOGUNOA 卓上 AI パートナー ·	Candsystem · MOGUNOA AI dining companion ·
先看一段，	まずは、18 秒の物語を。	A little conversation.
桌边的小故事。	テーブルで広がる、新しい体験。	A different way to dine.
18 秒 · 无声概念动画 · 可切换字幕	18 秒 · 音声なしのコンセプトアニメ · 字幕切替対応	18 seconds · Silent concept animation · Multilingual captions
两位客人、一台机器人，从说出偏好到确认推荐。	ふたりのお客様と、一台のロボット。希望を伝え、おすすめを確認するまで。	Two guests and one little robot, from sharing preferences to confirming a suggestion.
观看点单短片	注文シーンの動画を見る	Watch the ordering film
点单场景概念动画	注文シーンのコンセプトアニメーション	Ordering scene concept animation
动画用于说明目标体验，不是真实产品实拍，不会产生订单。	目指す体験を伝えるためのアニメーションです。実機の映像ではなく、注文も行いません。	An animation of the intended experience, not live product footage. No order is placed.
查看视频文字版	動画のテキスト版を見る	Read the video transcript
客人：两个人，预算一万日元，想喝啤酒，不吃生鱼。	お客様：ふたりで予算は 1 万円。ビールを飲みたいです。生魚はなしで。	Guest: Two people, a ¥10,000 budget, beer, and no raw fish.
MOGUNOA：推荐几道适合分享的菜，加两杯啤酒，示例合计 ¥7,200。	MOGUNOA：シェアできる料理とビール 2 杯で、合計 7,200 円のご提案です。価格は一例です。	MOGUNOA: A few dishes to share and two beers. Example total: ¥7,200.
客人：就这些吧。MOGUNOA 展示确认步骤，实际订单需要系统接收。	お客様：それでお願いします。MOGUNOA が確認のステップを表示します。実際の注文にはシステムの受信が必要です。	Guest: That sounds good. MOGUNOA shows the confirmation step. A real order would require system acceptance.
视频无法播放时，可以下载 MP4 或阅读文字版。	動画が再生できない場合は、MP4 をダウンロードするか、テキスト版をご覧ください。	If the video does not play, download the MP4 or read the transcript.
下载短片 MP4	動画をダウンロード（MP4）	Download the MP4
